url,is_tracker
https://microsoft.com/ljsxtgq/recwpjln/npyd.png,0
https://amazon.com/jysfb/zmqvvyd/jkzhj/horzzxg.css,0
https://cdn.shopify.com/track?*&event=/sdgfos,1
https://adobe.com/qmrtas/kpdgmzdz/lroh/wvjnxho.woff2,0
https://cdn.shopify.com/ueu/zhkxk/bow.woff2,0
https://linkedin.com/rum-collector/*/fkydn/qkafu,1
https://twitter.com://analytics.*/page_entry,1
https://instagram.com/ntglop/otr.png,0
https://cdn.shopify.com/traffic_record.php?/ochfpjj,1
https://twitter.com/vbdwom/gduk/wncgcswm,0
https://wikipedia.org/mpmftvha/wmtmwll/ejzmgpst.svg,0
https://youtube.com/kvqfjnt/sirwco/mzk.css?id=haa35,0
https://youtube.com/vgtrgelt.svg?view=s6z9s&view=qwtu8,0
https://linkedin.com/ga-scroll-events.js/svjslw,1
https://reddit.com/dwjgjds/ddj/ynza/hunttcnz.svg,0
https://apple.com/huvgtqn/awpmblsk/iovzbc/auujxl.png,0
https://amazon.com://plausible.*/js/script./hbid,1
https://_logHuman=/coykdv/yeiv/pgxes?utm_254=tdecyg&ref=246=ikbjre,1
https://cdn.shopify.com/mjmn/ham/wei/vpxo.css,0
https://amazon.com/beacon?cust=/dnttx/xyvx,1
https://youtube.com/fsrscripts/triggerParams.js/ponxdaj/aagazgcl,1
https://youtube.com/xunenyuc/ttahk/bwmtp/wbmk.ico,0
https://reddit.com/jvgegn?q=ltwra&page=cssaz,0
https://cdn.shopify.com/cvnzk/waym/qnom/lzsreyk.jpg,0
https://wikipedia.org/xcldbq/tsp.jpg,0
https://cloudflare.com/saqwpp/dzt/yvsj.ico,0
https://cdn.shopify.com/tnru/mchen/qiqqn/tgrw.woff2?view=frba0&q=u0iky,0
https://wikipedia.org/gvmj/odvyywh/ypscslsl?id=wleka,0
https://netflix.com/record.do?/qxzg,1
https://instagram.com/hwdd/daohepi/dpf/vuprs.jpg,0
https://wikipedia.org/omgly/frrdqad?q=0l8j4,0
https://wikipedia.org/b.gif?/tpmod,1
https://facebook.com/oqiuq/ffsxldor.png,0
https://cloudflare.com/jsonp_geoip?/iqxj,1
https://amazon.com/perimeterx/px./pmovawi,1
https://apple.com/DNSChecker.js/tzuevd,1
https://reddit.com/gujy?page=e8tht,0
https://youtube.com/rbshqw/xdjurakv?lang=703sr,0
https://cloudflare.com/px?t=,1
https://amazon.com/trace?sessionid=,1
https://youtube.com/ping?spacedesc,1
https://adobe.com/uut/mmatklq/owhf,0
https://facebook.com/onzf?q=iixh5,0
https://apple.com/accesstracking/*/qer,1
https://amazon.com/event-log?/dusrmyd,1
https://netflix.com/mwTag.js/atjf,1
https://adobe.com/fp/check.js/iaqad/cgc,1
https://amazon.com/blcsb/mndywya.js?page=hc0cl&view=9x5vh,0
https://google.com/qiyivi/poddbj/yoyo,0
https://.beacon.min.js/peoynqw/djgb/qbpknw?sessionid214=fgcrpq&utm_025=qxnzyr,1
https://instagram.com/ekwzdbb.woff2?lang=z0lmj&lang=cff3f,0
https://linkedin.com/brightspot/analytics/*,1
https://adobe.com/jhqkbtts/vvob/hsttkns/fwkmmea.ico,0
https://instagram.com/uxwl/iktoeogz,0
https://microsoft.com/events-collector./lot,1
https://netflix.com/pageTracking.js,1
https://amazon.com/llarwmcm/eyifjxek/ffpt/kqliuf.js,0
https://microsoft.com/abpb/ffdrdqpw.css?view=p7d3t,0
https://google.com/qroqamhi/pqvyxg,0
https://_stat_counter.php?/kkvlgww/ozcjjjmp/eedyh?ref=644=letajg,1
https://apple.com/adobe/visitor-/znxr,1
https://cloudflare.com/sqyi.jpg,0
https://reddit.com/auixs/nkr/rqpq.jpg,0
https://instagram.com/dux/febysy/nlcyddl/jeulfes,0
https://cloudflare.com/?dm=*&blogid=$script,1
https://facebook.com/rsbh,0
https://netflix.com/wp-slimstat.js/yyfwxwr/quaxoviq,1
https://microsoft.com/yyfezfzk/kdonwunc,0
https://adobe.com/koik/lvjzlrlz/qtzlva?lang=bsite&view=t0umd,0
https://youtube.com/fdijaf.js,0
https://instagram.com/xfxxhqi/jakqxk/jhjvd/vem?lang=q85fx&q=ecse9,0
https://adobe.com/fot/lce.jpg?q=baoib&view=efk7v,0
https://wikipedia.org/kvdk/pwigd/kxxvwyu/gdqmut.woff2,0
https://amazon.com/jloyx.jpg,0
https://instagram.com/uzyluf/gvcxc/jkffblid?lang=tf98u&q=328sz,0
https://reddit.com/clickm.js/frvuo,1
https://cloudflare.com/hie.svg,0
https://youtube.com/phf/uxhbyub.ico,0
https://youtube.com/visits/pixel?/trygh,1
https://microsoft.com/rbi.css?q=h9yv8&q=93iv8,0
https://netflix.com/yhdghbdl/mtql.svg,0
https://cdn.shopify.com/dxarw.jpg,0
https://netflix.com/web-api/log/*/cxncaq/huzjr,1
https://netflix.com/fhqau/yphp.svg?q=2mbap,0
https://microsoft.com/ajlkng/uutot.ico?view=cvfmz&lang=vnhln,0
https://apple.com/yrfdno/fedzvq/mvcrmdhm,0
https://google.com/iwk/miozo.png,0
https://twitter.com/qddmdutc.woff2,0
https://instagram.com/iezrjvxe/rsjzv?lang=lswsp,0
https://amazon.com/csp_204?/jzpxmfit,1
https://twitter.com/mpel/mpel.js,1
https://amazon.com/jegzdxeo/ykg,0
https://google.com/twiga.js/rqxeaqb,1
https://wikipedia.org/log_stats.php?/eotrbxqa,1
https://linkedin.com/mcqyeys/pormqxz/jmsl.woff2,0
https://linkedin.com/fjwohexa/zaqko/okwtlmy/axpxnt.js,0
https://reddit.com/ga_anonym.js/vple/qqunmi,1
https://apple.com/fqpoqy/baxjnv.png,0
https://netflix.com/create-lead.js,1
https://youtube.com/mrob/pxaf/exbsv.svg?id=ybjei,0
https://twitter.com/wgqnvx/ukaufv/abg/gvhxt.png,0
https://wikipedia.org/fingerprint2.js/iboujhi/aelp,1
https://cloudflare.com/swdlziv/zgxp/fvy,0
https://reddit.com/aktfyvhv,0
https://_imp?Log=/apjgsv/xpx?campaign939=uozjqm&affiliate997=vtbewc,1
https://apple.com/vvf/iuftr/xvaemf/tqjobzb?theme=th702,0
https://apple.com/clientlib-analytics-core./djxew/nogenac,1
https://.gif?Log=/sec/krvr?affiliate769=uxxsrp,1
https://linkedin.com/gurgm/tul/sebtuaze.css?theme=dj7h6,0
https://youtube.com/bfipdzg?theme=5lm0b&view=u8gfz,0
https://netflix.com/gyleeoma/xcscehgr/fcumxzpq/lkhhiplm.png,0
https://wikipedia.org/htl,0
https://youtube.com/amp/pingback?/duu,1
https://cdn.shopify.com/ipgmuhhf/lgiwp?view=860ng,0
https://microsoft.com/pqbipm.woff2,0
https://linkedin.com/xatjukv/rnn/sqbfpk/ulbqi.svg,0
https://google.com/qzmus/hkrgdlh/ueudk.png,0
https://facebook.com/czlxv/hsclwa/ycakuc.jpg?view=yrj2c,0
https://amazon.com/femch/dinktblw?theme=wjrhq&q=qgcgx,0
https://_c.gif?c=/pmo/udewwg?sessionid849=xvnmkv&sessionid504=jemqbi,1
https://&ev=PageView&/pngquy?sessionid292=dimdpy&affiliate448=zokejf,1
https://reddit.com/cqimgt/gfxtqkmo/hfirvb/xidlgtj?page=lojt1&page=g1ax3,0
https://google.com/kpxrqkb.css,0
https://?event=log&/sepzsku/nadccz/uskz?campaign290=hnxfsa,1
https://amazon.com/qhpj/zbfdc?lang=bbw4w&q=dpwpc,0
https://google.com/oqbsxpow/nigvtf/ttzcxl.png,0
https://youtube.com/vbyh/hcuku/hinmvrk/ckcfojqk.js?theme=7rj0t,0
https://reddit.com/uyxujzhn/brnlc/eapa.js,0
https://netflix.com/qgqqwim/jbqcd/sndabmmq/kbclliw,0
https://reddit.com/gsef/eiimctjw.jpg,0
https://amazon.com/instart.js,1
https://adobe.com/gik,0
https://instagram.com/hqs/kzgql/nvyxxw.css?q=1m8nz,0
https://netflix.com/plos/syjj/rdpgfu?page=neh6t,0
https://reddit.com/nzltzlak/buabsleq.ico?lang=yj5vd&id=rvo4w,0
https://instagram.com/urchin.gif?/jgfi,1
https://twitter.com/rjtk/jxial/xnomu/ctfkdts.css,0
https://apple.com/zimovjno/bojwxj.woff2?page=znaa5,0
https://linkedin.com/zrsra.js?q=7b7xz&theme=j8lxp,0
https://cloudflare.com/sdfsfcpx/ljkyb,0
https://netflix.com/TealeafSDKConfig.js,1
https://cloudflare.com/web-data-ingress?/zmmfy/oyvbkqzl,1
https://adobe.com/wif/migleqez.woff2,0
https://linkedin.com/elt.gif?/utvxakp/iqxxisv,1
https://instagram.com/xrkokx/fws/cdrwxd,0
https://instagram.com/pbyunx.css,0
https://adobe.com/kkprjq/lxmea/wlwt.css?id=z97d1&theme=cyikt,0
https://linkedin.com/payith/enpum/dtn.jpg,0
https://facebook.com/tracker.ga.,1
https://linkedin.com/cljnl.css,0
https://reddit.com/tgzp/fnsek.png,0
https://wikipedia.org/wtaux/uqcxsowg/xqssqgkk/hmmafscc.woff2,0
https://?action=track_visitor&/hjexvxa/iltwb/rqcr?sessionid432=pwnjoq&utm_885=qqjsxn,1
https://microsoft.com/mjgg/iphoawk/veajm.png,0
https://cdn.shopify.com/dgszb/mnmwurhs.png,0
https://reddit.com/xprzb/nerxahaz/jvbc/emk.jpg,0
https://cloudflare.com/xgjq/esrdtdau,0
https://apple.com/mlgixp/exouaj/duahu/ayszmk,0
"https://twitter.com/api/v1/activity|$~third-party,xmlhttprequest/fmmf/ikd",1
https://adobe.com/geoAnalysis.js/ysyipb,1
https://cloudflare.com/hceg/oqd.ico,0
https://linkedin.com/pepsfbjc/sorwam?q=cyiva&id=oo8o3,0
https://google.com/tgia/wbwwuhfh/wdrthb/pnjnmj.png,0
https://netflix.com/mgjfrtyg/ffwtj.js,0
https://apple.com/acsyikn/stnfxx/aqzd,0
https://cloudflare.com/uldr/lqovyh/emoguj/tarbn,0
https://google.com/zwppvq/djgxunwh/olajs/tagdfhv.ico?view=m7j39,0
https://instagram.com/ighnv/wvnuw.woff2,0
https://cloudflare.com/ghh/xdx,0
https://apple.com/ng.gif?/xaufoq/qdyphqy,1
https://wikipedia.org/jkgmvnq.jpg,0
https://adobe.com/capture_client.js/lpah/qhtq,1
https://apple.com/ehnquflk/ebbywxlx?q=gpr49&theme=kmgko,0
https://reddit.com/edmqs?id=w7ppl,0
https://facebook.com/vbxttfmr/qpxd/zgmkpc,0
https://apple.com/ryn.ico,0
https://linkedin.com/pdrpoe,0
https://twitter.com/zyd?q=2h9vl&lang=063ij,0
https://linkedin.com/zbjag/gjo/lviljd,0
https://linkedin.com/bootstrap/metrics.js,1
https://&ev=PageView&/cay/zfmoozm/vjsyc?affiliate486=tgztvo&affiliate243=hjnbfe&campaign226=adqedo,1
https://instagram.com/tnmcuh/bzhey,0
https://##.embed-responsive-trendmd/kykvpff/kdqrbrlq/vjnjto?campaign277=sdvdad&cid424=szkvht,1
https://microsoft.com/hfyda/pox/gxvgid/delqlny.png,0
https://google.com/leage.google.tracker.js,1
https://netflix.com/metrics-backend/*/bys/oqwgpirb,1
https://amazon.com/tokufgbp.ico,0
https://google.com/pfgmsmlf/fxw/cdgmuzp/biueje.css,0
https://reddit.com/vfiw/ekj/dtuhdui.woff2,0
https://facebook.com/gv-analytics/riveted.js/ykw,1
https://reddit.com/mqkcxd/vnv/rlesnz/qidao.woff2,0
https://instagram.com/wpgvbb/rvjhyt/ialjx/lvsmdw,0
https://reddit.com/fvyizxw/hqmv/ewjcaz/qvd.ico,0
https://twitter.com/cszyg/siu,0
https://amazon.com/bzasb,0
https://reddit.com/ctifb/zkmomorl/kifddr/kifhfmzh?theme=cuh9z&page=mg5eo,0
https://apple.com/stats/transp.bmp/wvgjpc,1
https://netflix.com/wuu/entnw/jshgsew?lang=rsmbd&view=j89zk,0
https://apple.com/wp-coin-hive-util.js,1
https://facebook.com/track_proxy?/hipco/yije,1
https://microsoft.com/pgfy,0
https://apple.com/agjmex,0
https://wikipedia.org/oykdk/tufdzf/ehk,0
https://apple.com/hjl/yve,0
https://microsoft.com/jfc/lcskco/dcwi.png,0
https://netflix.com/record-stats?/zawqm,1
https://cloudflare.com/bjvnkhae.css,0
https://apple.com/qoj/opwaeqq/qnb/bdymn.css,0
https://microsoft.com/atrk.js/mtomio,1
https://amazon.com/epvna/ljbl/yzhq.png,0
https://microsoft.com/perf-vitals_/bvgbr/zmy,1
https://microsoft.com/ijjhvl/dhogdy/plcxolck/lwiodz.js,0
https://?event=log&/cvjix/igjtt?ref=141=gpjqvf&ref=325=qqxsmy&utm_663=cenpen,1
https://amazon.com/jbwgt/wcj/lknpo/iyv.css?view=wvauq&q=q8wjz,0
https://cloudflare.com/ga-lite.js/bltgdhal,1
https://twitter.com/okrrzeuo/ukfwxi.png,0
https://youtube.com/ifgfkdm/ahs/bny/ivgsyt.ico?lang=nmlae,0
https://microsoft.com/evergage.min.js,1
https://reddit.com/nup/dbxdmy/bcng,0
https://instagram.com/xbzojwnx/ncfmcrx,0
https://cloudflare.com/imsydp.ico,0
https://instagram.com/akthyrm/ugfxcac?lang=j5bvd,0
https://.php?action=browse&/ltu/zddd/igzsjmwx?affiliate424=vnsafm,1
https://youtube.com/gyy/esaou/aaybxld.svg?id=8uqj7&theme=4wrn3,0
https://_stat_counter.php?/ofw/crjh?sessionid945=boyfwu&sessionid987=wmndxb&ref=839=cnhfjo,1
https://facebook.com/bdvew.ico?view=oderi&view=aruzb,0
https://google.com/bljlj/nkl,0
https://amazon.com/performance-metrics.js,1
https://twitter.com/wfyc.jpg,0
https://twitter.com/tyz,0
https://linkedin.com/hjerfk/rvqvgzxb/xkwyj/scvpjt.png?lang=4zw1o,0
https://microsoft.com/mzaxqi/cug/htpecbb/obsic.css,0
https://cdn.shopify.com/fbanalytics.js,1
https://netflix.com/uju/skyn,0
https://cloudflare.com/qazv,0
https://wikipedia.org/pkwskfq.js?id=wkjo4&q=8d5cq,0
https://microsoft.com/index.track?/nokk/ilpy,1
https://amazon.com/fkxs/tpbpfnr/hgvc/agedc.woff2,0
https://adobe.com/aod.svg?theme=d76l4,0
https://?logType=impression&/gdsgse?sessionid265=oufykl&affiliate769=ezrcvj,1
https://microsoft.com/lkixkvw/wcwptz/iksc.jpg?id=z7d1j,0
https://reddit.com/zdo.svg?q=b94o6&q=5no3g,0
https://linkedin.com/srmjb/wepx/pklhd/lfswc.svg,0
https://cloudflare.com/cniyt/xaqalku/vnjzii.ico,0
https://instagram.com/uymzdo/vcrzumo/oqrzg/wkdamfej.css?view=l9e9i&q=h2qwh,0
https://adobe.com/metrica/sp.js/uwg/kjooa,1
https://.js?id=GTM-/ldvcqpx?affiliate073=udijxf,1
https://netflix.com/beacon/metrics,1
https://microsoft.com/log/impression/*/estyc,1
https://linkedin.com/tqr/zzf/ynk/ekhnqcn.ico,0
https://google.com/kjxhcy/dtf/welfwb.css,0
https://cloudflare.com/i.php?i=/frnphtm/ejitt,1
https://instagram.com/fje/qjxnc/xpgkj,0
https://cdn.shopify.com/esnwjr/uclaiwj/cglvugo.woff2,0
https://cloudflare.com/bvmes,0
https://youtube.com/ezu/rxnbgmp/tpyqfv.svg,0
https://adobe.com/kcpq/gkfu/wtdlfqsk/rilug.ico,0
https://wikipedia.org/qpgq/qbrkz/vlokzvtk/npe.ico,0
https://twitter.com/qmmorikc/ixxzthv.css,0
https://youtube.com/pomegranate.js,1
https://facebook.com/adds/counter.js,1
https://instagram.com/stkyfx.css,0
https://cdn.shopify.com/ping?spacedesc,1
https://amazon.com/srpt/byhv/vhla/bub.png,0
https://amazon.com/hits/logger?,1
https://facebook.com/teapxld/ueqbnw/top/emvp,0
https://cloudflare.com/cdgx/xmgtdit/wfbsm.css?view=09z88&lang=cm5r6,0
https://linkedin.com/caqtz/jhkkpe.svg?view=99hlc&q=hj1ae,0
https://netflix.com/vqruat/irjrlt.css?page=94s1d&view=oall2,0
https://amazon.com/dbxwfo/nnqtojlv/vke.png?theme=an48q&lang=ldqlp,0
https://cdn.shopify.com/ettk/oho/iiekg/enrsjbd.jpg,0
https://netflix.com/sdrol/wfanzj.png,0
https://netflix.com/oej/yjidt.svg,0
https://youtube.com/stats?blog_/nkzvq,1
https://_stat_counter.php?/jmypfcxh?ref=579=cifnkl&cid931=lyzyob,1
https://youtube.com/appinsightor.min.js,1
https://facebook.com/impression/inline?/anztbw,1
https://_stat_counter.php?/aoim?cid374=jtmdwx,1
https://facebook.com/iudbhiiq/yltpley/bcrgo.js,0
https://youtube.com/czkqc/hndzw/yqhrryx/eyyqvz.jpg,0
https://-scroll-tracker.js/swpvdzll/wle?cid234=mbvnvl,1
https://linkedin.com/sit/sitm,0
https://cloudflare.com/gtm-suite.js/meznsng/akjiyk,1
https://apple.com/knp.js,0
https://microsoft.com/fhqvmqks/ohvvyhxx.png,0
https://netflix.com/seotracking-v3.js/uckf/rgtc,1
https://amazon.com/rkld.js,0
https://microsoft.com/oqvv.woff2?page=d5vlp&theme=ni980,0
https://netflix.com/grpqjyzd.ico,0
https://twitter.com/ufgffpn/nmq.woff2,0
https://microsoft.com/inboundAnalytics.min.js/rblqy,1
https://youtube.com/rdfx/tznt/ggczvy.css,0
https://reddit.com/xdv.jpg,0
https://netflix.com/gmrcg/vlkl/xrmbemsw/atnuwvk.ico?lang=nongo&q=3byp9,0
https://cdn.shopify.com/cjggwyd/yae.jpg,0
https://cdn.shopify.com/bud/fvoh/ozku/dtzpdc.ico,0
https://cloudflare.com/facebookpixel.js,1
https://amazon.com/ezp/nbgmdti/hsdmvvyi.woff2,0
https://cloudflare.com/sbunflhx/einlpy/yykgmy.ico,0
https://twitter.com/jlet/jyg/lwy/oqokjdw.svg?lang=0mzqf&page=a0g2b,0
https://cdn.shopify.com/pxre.php/bcgxoqep/somxl,1
https://reddit.com/logaholictracker.php/vjeg,1
https://youtube.com/hebk/ema/moh/jbulp?theme=dluiy,0
https://instagram.com/voax/hbzxl.woff2,0
https://facebook.com/nzfxrnx/pianab/nanddkey/ljsjbfl.svg,0
https://google.com/analytics/amp/*/dsq,1
https://apple.com/gv-analytics/riveted.js/kdawv/gqjx,1
https://linkedin.com/prepixel?,1
https://youtube.com/facebookpixel.js,1
https://apple.com/ofsxbro/nzr/edil.css,0
https://amazon.com/ntitgxq/vxyh/itdh/byzosnag,0
https://twitter.com/cjhmozhq/gisels/cizzl.jpg,0
https://cloudflare.com/rhyzcqvl/yayrswld/urfyd/nqlks,0
https://reddit.com/wlq,0
https://adobe.com/plog?id/eiphs/bhozgiyd,1
https://?action=statsjs&/chj/njghxz?sessionid934=ntlcpp&ref=903=dhwbsc,1
https://cdn.shopify.com/pt?type=pv&/eklhsep,1
https://facebook.com/ddrnr/dszxvuib/ngcwnvrv/cqipd.css,0
https://wikipedia.org/hlml/hcj/knyarw.js,0
https://amazon.com/nvp/rrz/cazlxmu/ilmlbvr.jpg?theme=ag9x1,0
https://reddit.com/dqojgxh/dpfevm?page=663wg,0
https://google.com/usmzpeog/opz/xqpa/vjaqzyv.ico,0
https://google.com/track/?*&event=/brjabppe,1
https://youtube.com/b/ss/*&events=/tkt,1
https://instagram.com/tvvdb?lang=mtgxh,0
https://apple.com/qtygcld/uavcj/niojg.css,0
https://wikipedia.org/pvcounter.js/gfyg,1
https://_event_tracking?/ulzdia/njc?ref=386=vavesd,1
https://facebook.com/check.php?referrer=/naj/nufs,1
https://youtube.com/orfmn/oice/uyu.ico,0
https://?log_performance_metrics/flqjgurz/eflbralv/mvs?ref=065=halvlw&utm_937=gdcurq,1
https://netflix.com/uvo/rzsmle,0
https://?action=event&/rzaojofv?utm_382=doazin,1
https://instagram.com/iekxuue/qpk/aqourpd/zykw,0
https://cloudflare.com/googleTracker.js/tshhbxef/phpby,1
https://cloudflare.com/count/count.cgi?/rvi,1
https://twitter.com/better-analytics/js/loader.php,1
https://google.com/icvchi/yfs/guhqtsm/ofnqcthu.svg?theme=ziphx&q=h76tj,0
https://.js?id=GTM-/ppddb/vjrlon?affiliate967=zkdjun,1
https://wikipedia.org/lre/yjjaly/zyrrfqrc/omasdtnp,0
https://facebook.com/gmrpsw/cvi/gjqyq.jpg,0
https://amazon.com/lyfnvsf/qkvv/athhjlh/bstiy.png,0
https://amazon.com/global-analytics.js/kckensz,1
https://youtube.com/tracker.ga./iljbmi/lygu,1
https://instagram.com/xxe/qqi/ruqcfuso.css?theme=f6zsx,0
https://adobe.com/gdpoxii/bcvk.js,0
https://youtube.com/ga_tracking.js/roi,1
https://cdn.shopify.com/pixel_identifier.js/rhbr/sjwtj,1
https://adobe.com/eulerian.js/auforyti,1
https://netflix.com/tswdpur/kbamjix/hrqhpln/fshiaa.jpg,0
https://apple.com/lqiec/oyb.png,0
https://netflix.com/itgvupbb,0
https://netflix.com/pdubrnb/wpjxy?view=fwdwf&page=5ebiq,0
https://twitter.com/gaStatistics.js/plbhcurf,1
https://youtube.com/pingServerAction?,1
https://twitter.com/visits/pixel?/waeblemm/sdqulock,1
https://apple.com/tracking/open?,1
https://cdn.shopify.com/ga/yap.js/bjjerzn/ydxil,1
https://google.com/xrfaot?view=dod7a,0
https://wikipedia.org/track/pixel/*/wdor,1
https://cdn.shopify.com/roi_tracker.min.js/psnhxfm/rujlni,1
https://apple.com/ytxzldou/hmuimhea.js?q=mzp8x,0
https://apple.com/blv,0
https://linkedin.com/dbjgtp.css?page=j9t8v&theme=x4b2m,0
https://adobe.com/ydtll/nfd/xdcp/piiiu,0
https://reddit.com/blank.gif?*&/jxxd/oukjqfj,1
https://google.com/dxlhhcpt/huwbqrp/xocbxn.css,0
https://apple.com/track_framework_metrics?,1
https://facebook.com/Tracking?t=/ysyweqo,1
https://linkedin.com/hqen/nwpw/detl/oqpjsd.js,0
https://youtube.com/umt.gif?/vdnz/inhzxcf,1
https://youtube.com/dpj.woff2,0
https://amazon.com/lgc/ztq/luiv/uvuiynnb,0
https://reddit.com/jijw/vhyxtrm/psvjspm,0
https://netflix.com/farn/aejkhnai.ico,0
https://apple.com/misites/*/dgg,1
https://cdn.shopify.com/wyjfit/simnpz/quawzjh,0
https://facebook.com/jezitd/oqaebbl.svg?id=k5wfu&id=opbnn,0
https://apple.com/rpr/wdlchvcm.js,0
https://linkedin.com/hkddl/hsu,0
https://youtube.com/zuwktq/vkk/wqxch/kqp,0
https://google.com/cyinnm/elccxz.woff2,0
https://cdn.shopify.com/afarcl/lwneqly/xijntpa/mbbks.woff2?q=ddqjn&view=ln4od,0
https://reddit.com/uclcmy/wyupxv?theme=myke2&theme=kr1lw,0
https://microsoft.com/ebfol/jkhluin/ljdyh/miqa.png,0
https://wikipedia.org/leedfq,0
https://linkedin.com/xfl/wonv?q=loxe7&q=fmyda,0
https://microsoft.com/jvewawi/jsioo,0
https://adobe.com/koh/yhnhtlnn.js,0
https://google.com/mymdilun.js?id=3iemi&theme=29u8k,0
https://google.com/izpaa.jpg,0
https://youtube.com/bing-bat.js/cfqs,1
https://instagram.com/stats?callback=,1
https://cloudflare.com/vtrack.aspx/poihp/ovzajlbr,1
https://cdn.shopify.com/xlr.css,0
https://wikipedia.org/rgxq/tapbisdz/qhe/zxdcqrnz.png?id=xe4tf&view=auiv1,0
https://cloudflare.com/navbar-analytics.js,1
https://cloudflare.com/hkqrv,0
https://microsoft.com/fwgsq/npon/snhn.ico?q=bd4sg,0
https://cdn.shopify.com/zjo,0
https://twitter.com/jdwpjxh/jamrjkse?page=7egzy,0
https://microsoft.com/rlwuq/guhlbbq,0
https://cloudflare.com/ga_event_tracking.js,1
https://wikipedia.org/yphc/zhsia/czh.ico,0
https://cdn.shopify.com/CreateCookieSSO_,1
https://facebook.com/adobe/VideoHeartbeat.,1
https://cdn.shopify.com/yvp/iowvkjlf/pgqu/exjswnv.svg,0
https://twitter.com/hzkwnuaq/daklae/bxwyfcxo/jtu.css,0
https://?logType=trackEvent&/fbwyslnu/ijfaqzs?cid819=wmrvac,1
https://microsoft.com/zyzeonc/fwabusz/ofbw/jbmzexwd,0
https://apple.com/mcjcqn,0
https://amazon.com/gxs/gjdd.svg?q=mli2f&id=71t5m,0
https://linkedin.com/yiyl/jnmur.jpg,0
https://instagram.com/rnylxht/zmi/lhxpvg/bgmcjp.svg?view=rly1m,0
https://linkedin.com/tide_stat.js,1
https://linkedin.com/tenkn.ico,0
https://linkedin.com/impresion/zona/*/stc,1
https://amazon.com/xfezu/naoyw/dtvcfb/nbpa,0
https://cloudflare.com/lyuygk/gpn/focci/cmv.ico?page=1p3gp&theme=21obt,0
https://youtube.com/yhji/mqmcc/mdftnp.woff2,0
https://cdn.shopify.com/akyfiprh/ytakq/nagadq.ico,0
https://linkedin.com/ufnnsgy/wbzepgd/swfq.ico,0
https://google.com/qbqpdas/hfnw.jpg,0
https://linkedin.com/page_counter.js/zud,1
https://adobe.com/mcqul.svg?page=3kqvq,0
https://youtube.com/lbqmr/mwqjbif.css,0
https://apple.com/grlvoy/fwrjqt/vrkxyx.png,0
https://instagram.com/tprzxrxi/iqxgso/yiazmzix/deid.js,0
https://twitter.com/StatSNA.js/cbpnofn/joldc,1
https://reddit.com/eosvwkbs/zpm,0
https://adobe.com/dnbvutv/ibbntggw/clwvhhhn.ico,0
https://youtube.com/ylyks/hnh.svg,0
https://linkedin.com/efkgpmbu/jrdzqbh/qakcrfm.png,0
https://facebook.com/cls_report?,1
https://cdn.shopify.com/gttgqc/rlmoox.jpg,0
https://cdn.shopify.com/qwpst/wnxfy/dsonzw.css,0
https://wikipedia.org/stats/ga.js,1
https://netflix.com/tecdn/uar.woff2?lang=pcmfr,0
https://cloudflare.com/hlog.asp,1
https://linkedin.com/monitor?rtype=/ydf,1
https://adobe.com/fpcount.exe/rrrp/zej,1
https://amazon.com/analytics.*/event?/chs/qptipw,1
https://.php?action=browse&/suc?affiliate966=aoqcgp&cid896=nhtbcx,1
https://?type=page&event=/awifeci/jecm?cid467=xffyke&utm_931=quvkgl&utm_383=gmkjdg,1
https://facebook.com/sbfhygp/rdmzduou.woff2,0
https://adobe.com/bcglzii/rmeviasx.ico,0
https://apple.com/hgurd/yjbuxfw/zay/cqbvl,0
https://&t=pageview&/afhikucl/fgr/omxcxkj?campaign050=rrzlrr&utm_492=fdjzrw,1
https://instagram.com/qhyup/tldzrga.jpg,0
https://cdn.shopify.com/zon/diuo.woff2,0
https://netflix.com/hit-counter.,1
https://microsoft.com/bvkkhqgb/lzpx/ayatem.svg,0
https://twitter.com/pkh/wasw/vvyvtne/flve,0
https://facebook.com/ihrbk?view=maup4&view=xnsw7,0
https://.v4.analytics./kadb/xkoz?sessionid080=kzobhk,1
https://instagram.com/xwvodrc/dpeuhsgo.png?lang=0r4jj,0
https://netflix.com/transpix.gif,1
https://.eloqua.js/otnqs/xenbkdmp/pmcyixt?ref=367=crekpr&utm_530=lsfjja&affiliate836=eyddis,1
https://cdn.shopify.com/btl/ceagvwmr?q=ptvnu&theme=rsfi5,0
https://amazon.com/otwwruj/cso/fxgzh.woff2,0
https://reddit.com/_/api/v2/analytics/?/ketmj/rbiofqtm,1
https://cdn.shopify.com/track/impression/*/ekqan/eaikioxe,1
https://youtube.com/matomo_video_tracking.js,1
https://reddit.com/sensor.modern.ncl.min.js/koouuz,1
https://linkedin.com/api/async.php?t=user&m=pagehits&/whmtuj/dzpp,1
https://apple.com/vanillaanalytics/js/vendors/js.cookie.js/qxwcx,1
https://netflix.com/ovsjdbd/htfldu.woff2,0
https://?event=pageview&/kjguabi/swbw/yzxsttlp?campaign696=ogxqly&campaign794=jnqvjz&affiliate195=zpwtbe,1
https://netflix.com/common/ga.js/ifzdr,1
https://google.com/wdnmsi/rggosnm/toygrz/vkishhsy.ico,0
https://cdn.shopify.com/kruadl.css?q=3jbnh&id=0sz1a,0
https://netflix.com/shfxru/wten.png,0
https://google.com/gia/bapd?theme=6yis0,0
https://cloudflare.com/bkk/drnoeycs/iouwzn/ufeaupkk,0
https://microsoft.com/event-tracking.js,1
https://amazon.com/zpoivebo/soldjgkg.ico,0
https://facebook.com/rivu/tngdh/alm.woff2?theme=yrx6c&view=sx63i,0
https://linkedin.com/xqjkcdr.png?id=n28gn&id=6jhcs,0
https://microsoft.com/statsadvance.js/oszjm,1
https://instagram.com/ppf/xavtqnsv/lnf/cjvdiy.svg?lang=d3njp,0
https://youtube.com/gtohezp/zed/fgc/qurmvyk.css?id=kr96y&theme=x119e,0
https://adobe.com/pvqyrazz/nnipoja,0
https://twitter.com/jkvvw/ikqtv/fphuyljm.svg,0
https://apple.com/acs.png,0
https://google.com/lyvjwc/prsuoyy/lsuy/fzjf.jpg,0
https://netflix.com/mnay/bennrkt/duqzw.js,0
https://youtube.com/ga_cookie_track/jyfip/odmit,1
https://netflix.com/cdkngny/ezyy/vljqgtyn.jpg?q=nh62a&id=ohhnn,0
https://adobe.com/ngkxgiac/qgbnl/laqgyfl/vlom.svg,0
https://?log=player-*&stats_tkn=/konjef?utm_412=mnuqxg&ref=555=pxykos,1
https://adobe.com/rhsoa/gmstxt/plusi.ico?view=twry3,0
https://amazon.com/nqtmfiyh/zxkx/egg/jgqamvm.ico,0
https://microsoft.com/psviito/gucp/epwnjear.svg?lang=t82yw,0
https://cloudflare.com/zcbl/qaaoij.jpg,0
https://netflix.com/wynexfj?id=g44zf,0
https://microsoft.com/coretracking.php?/xjqt,1
https://youtube.com/track_visit.js/zktqbn,1
https://cloudflare.com/nntu/xyioc/umvjyj.woff2,0
https://cdn.shopify.com/criteoRTA.js/kqdgkg,1
https://facebook.com/dtrack.js/kxqub,1
